<?xml version="1.0"?>
<!DOCTYPE package-info SYSTEM "http://www.simplemachines.org/xml/package-info">

<!-- - - - - - - - - - - - - - - - - - - - - - - - - - - - - - - - - - - - - - -
	ATTENTION: If you are trying to install this manually, you should try
	the package manager.  If it will not work for you, please take a look
	at the following for information on this format:
		http://mods.simplemachines.org/docs/manual-install.php
 - - - - - - - - - - - - - - - - - - - - - - - - - - - - - - - - - - - - - - -->

<package-info xmlns="http://www.simplemachines.org/xml/package-info">
	<id>el:prettyurls-extras</id>
	<version>1.0</version>
	<name>Pretty URLs Extras</name>
	<type>modification</type>

	<install for="1.1, 1.1.0-1.1.99">
		<readme parsebbc="true">readme-install.bbc</readme>
		<modification>Sources-SMF1-1.xml</modification>
		<code>install.php</code>
	</install>
	<uninstall for="1.1, 1.1.0-1.1.99">>
		<modification reverse="true">Sources-SMF1-1.xml</modification>
		<code>uninstall.php</code>
	</uninstall>
	
	<install for="2.0 - 2.0.99,2.0 RC2,2.0 RC3,2.0 RC4,2.0 RC5">
		<readme parsebbc="true">readme-install.bbc</readme>
		<modification>Sources-SMF2-0.xml</modification>
		<code>install.php</code>
	</install>
	<uninstall for="2.0 - 2.0.99,2.0 RC2,2.0 RC3,2.0 RC4,2.0 RC5">
		<modification reverse="true">Sources-SMF2-0.xml</modification>
		<code>uninstall.php</code>
	</uninstall>


</package-info>
